NOM_MUN,AVG_PCT_SEGUROS,AVG_PCT_INSEGUROS,N_OBS
KANASIN,48.96941176470588,51.03058823529412,34
PROGRESO,57.57676470588235,42.42323529411765,34
