NOM_MUN,AVG_PCT_SEGUROS,AVG_PCT_INSEGUROS,N_OBS
MERIDA,74.78411764705882,25.173823529411763,34
UMAN,58.74206896551724,41.25793103448276,29
