NOM_ENT,NOM_MUN,TOTAL_REGISTROS,TOTAL_SEGUROS,TOTAL_INSEGUROS,TOTAL_NO_RESPONDE,PCT_SEGUROS,PCT_INSEGUROS,PCT_NO_RESPONDE,AÑO,TRIMESTRE
YUCATAN,KANASIN,7,5,2,0,71.42857142857143,28.57142857142857,0.0,2020,1
YUCATAN,MERIDA,216,168,48,0,77.77777777777779,22.22222222222222,0.0,2020,1
YUCATAN,PROGRESO,23,13,10,0,56.52173913043478,43.47826086956522,0.0,2020,1
YUCATAN,UMAN,18,12,6,0,66.66666666666666,33.33333333333333,0.0,2020,1
