NOM_ENT,NOM_MUN,TOTAL_REGISTROS,TOTAL_SEGUROS,TOTAL_INSEGUROS,TOTAL_NO_RESPONDE,PCT_SEGUROS,PCT_INSEGUROS,PCT_NO_RESPONDE,AÑO,TRIMESTRE
YUCATAN,KANASIN,29,21,8,0,72.41379310344827,27.58620689655172,0.0,2023,1
YUCATAN,MERIDA,211,166,44,1,78.67298578199052,20.85308056872038,0.4739336492890995,2023,1
YUCATAN,PROGRESO,22,12,10,0,54.54545454545454,45.45454545454545,0.0,2023,1
