NOM_ENT,NOM_MUN,TOTAL_REGISTROS,TOTAL_SEGUROS,TOTAL_INSEGUROS,TOTAL_NO_RESPONDE,PCT_SEGUROS,PCT_INSEGUROS,PCT_NO_RESPONDE,AÑO,TRIMESTRE
YUCATAN,KANASIN,19,6,13,0,31.57894736842105,68.42105263157895,0.0,2017,2
YUCATAN,MERIDA,216,166,50,0,76.85185185185185,23.14814814814815,0.0,2017,2
YUCATAN,PROGRESO,17,12,5,0,70.58823529411765,29.411764705882355,0.0,2017,2
YUCATAN,UMAN,9,7,2,0,77.77777777777779,22.22222222222222,0.0,2017,2
