NOM_MUN,TOTAL_REGISTROS,TOTAL_SEGUROS,TOTAL_INSEGUROS,TOTAL_NO_RESPONDE,PCT_SEGUROS,PCT_INSEGUROS,PCT_NO_RESPONDE,AÑO,TRIMESTRE
KANASIN,24,11,13,0,45.83333333333333,54.166666666666664,0.0,2022,3
MERIDA,211,159,52,0,75.35545023696683,24.644549763033176,0.0,2022,3
PROGRESO,24,13,11,0,54.166666666666664,45.83333333333333,0.0,2022,3
UMAN,4,3,1,0,75.0,25.0,0.0,2022,3
