NOM_MUN,TOTAL_REGISTROS,TOTAL_SEGUROS,TOTAL_INSEGUROS,TOTAL_NO_RESPONDE,PCT_SEGUROS,PCT_INSEGUROS,PCT_NO_RESPONDE,AÑO,TRIMESTRE
KANASIN,20,12,8,0,60.0,40.0,0.0,2022,2
MERIDA,222,152,70,0,68.46846846846847,31.53153153153153,0.0,2022,2
PROGRESO,24,14,10,0,58.333333333333336,41.66666666666667,0.0,2022,2
UMAN,9,6,3,0,66.66666666666666,33.33333333333333,0.0,2022,2
