NOM_MUN,TOTAL_REGISTROS,TOTAL_SEGUROS,TOTAL_INSEGUROS,TOTAL_NO_RESPONDE,PCT_SEGUROS,PCT_INSEGUROS,PCT_NO_RESPONDE,AÑO,TRIMESTRE
KANASIN,30,20,10,0,66.66666666666666,33.33333333333333,0.0,2023,4
MERIDA,229,184,45,0,80.34934497816593,19.65065502183406,0.0,2023,4
PROGRESO,9,4,5,0,44.44444444444444,55.55555555555556,0.0,2023,4
