NOM_ENT,NOM_MUN,TOTAL_REGISTROS,TOTAL_SEGUROS,TOTAL_INSEGUROS,TOTAL_NO_RESPONDE,PCT_SEGUROS,PCT_INSEGUROS,PCT_NO_RESPONDE,AÑO,TRIMESTRE
YUCATAN,KANASIN,9,2,7,0,22.22222222222222,77.77777777777779,0.0,2020,4
YUCATAN,MERIDA,215,171,44,0,79.53488372093022,20.46511627906977,0.0,2020,4
YUCATAN,PROGRESO,28,15,13,0,53.57142857142857,46.42857142857143,0.0,2020,4
YUCATAN,UMAN,12,7,5,0,58.333333333333336,41.66666666666667,0.0,2020,4
