NOM_ENT,NOM_MUN,TOTAL_REGISTROS,TOTAL_SEGUROS,TOTAL_INSEGUROS,TOTAL_NO_RESPONDE,PCT_SEGUROS,PCT_INSEGUROS,PCT_NO_RESPONDE,AÑO,TRIMESTRE
YUCATAN,41,61,23,38,0,37.704918032786885,62.295081967213115,0.0,2016,1
YUCATAN,50,630,427,203,0,67.77777777777779,32.22222222222222,0.0,2016,1
YUCATAN,59,37,15,22,0,40.54054054054054,59.45945945945946,0.0,2016,1
YUCATAN,101,42,18,24,0,42.857142857142854,57.14285714285714,0.0,2016,1
