NOM_MUN,TOTAL_REGISTROS,TOTAL_SEGUROS,TOTAL_INSEGUROS,TOTAL_NO_RESPONDE,PCT_SEGUROS,PCT_INSEGUROS,PCT_NO_RESPONDE,AÑO,TRIMESTRE
KANASIN,15,6,9,0,40.0,60.0,0.0,2019,1
MERIDA,212,135,77,0,63.67924528301887,36.32075471698113,0.0,2019,1
PROGRESO,18,11,7,0,61.111111111111114,38.88888888888889,0.0,2019,1
UMAN,18,8,10,0,44.44444444444444,55.55555555555556,0.0,2019,1
