NOM_ENT,NOM_MUN,TOTAL_REGISTROS,TOTAL_SEGUROS,TOTAL_INSEGUROS,TOTAL_NO_RESPONDE,PCT_SEGUROS,PCT_INSEGUROS,PCT_NO_RESPONDE,AÑO,TRIMESTRE
YUCATAN,KANASIN,14,9,5,0,64.28571428571429,35.714285714285715,0.0,2019,2
YUCATAN,MERIDA,217,157,60,0,72.35023041474655,27.64976958525346,0.0,2019,2
YUCATAN,PROGRESO,17,12,5,0,70.58823529411765,29.411764705882355,0.0,2019,2
YUCATAN,UMAN,17,7,10,0,41.17647058823529,58.82352941176471,0.0,2019,2
