NOM_ENT,NOM_MUN,TOTAL_REGISTROS,TOTAL_SEGUROS,TOTAL_INSEGUROS,TOTAL_NO_RESPONDE,PCT_SEGUROS,PCT_INSEGUROS,PCT_NO_RESPONDE,AÑO,TRIMESTRE
YUCATAN,KANASIN,30,13,17,0,43.333333333333336,56.666666666666664,0.0,2019,1
YUCATAN,MERIDA,433,311,122,0,71.82448036951502,28.17551963048499,0.0,2019,1
YUCATAN,PROGRESO,35,22,13,0,62.857142857142854,37.142857142857146,0.0,2019,1
YUCATAN,UMAN,35,23,12,0,65.71428571428571,34.285714285714285,0.0,2019,1
