NOM_ENT,NOM_MUN,TOTAL_REGISTROS,TOTAL_SEGUROS,TOTAL_INSEGUROS,TOTAL_NO_RESPONDE,PCT_SEGUROS,PCT_INSEGUROS,PCT_NO_RESPONDE,AÑO,TRIMESTRE
YUCATAN,41,21,5,16,0,23.809523809523807,76.19047619047619,0.0,2016,1
YUCATAN,50,205,147,58,0,71.70731707317073,28.292682926829265,0.0,2016,1
YUCATAN,59,12,5,7,0,41.66666666666667,58.333333333333336,0.0,2016,1
YUCATAN,101,15,7,8,0,46.666666666666664,53.333333333333336,0.0,2016,1
