NOM_ENT,NOM_MUN,TOTAL_REGISTROS,TOTAL_SEGUROS,TOTAL_INSEGUROS,TOTAL_NO_RESPONDE,PCT_SEGUROS,PCT_INSEGUROS,PCT_NO_RESPONDE,AÑO,TRIMESTRE
YUCATAN,KANASIN,18,7,11,0,38.88888888888889,61.111111111111114,0.0,2021,3
YUCATAN,MERIDA,217,150,67,0,69.12442396313364,30.87557603686636,0.0,2021,3
YUCATAN,PROGRESO,17,10,7,0,58.82352941176471,41.17647058823529,0.0,2021,3
YUCATAN,UMAN,15,8,7,0,53.333333333333336,46.666666666666664,0.0,2021,3
